DATE,NAME,LOCATION,LOCATION_NOTES,WEBSITE,FACEBOOK,INSTAGRAM,STORY,VIDEO
2024-03-14,Ovidio Italian Restaurant,"3097 W Bullard Ave, Fresno, CA 93711",,https://ovidiofresno.com/,https://www.facebook.com/OvidioFresno,https://www.instagram.com/ovidiofresno/,https://abc30.com/ovidios-dine-and-dish-northwest-fresno-italian-food/14524843/,https://abc30.com/video/embed/?pid=14526106
2024-03-07,H & W Drive-In,"121 W 16th St, Merced, CA 95340",,N/A,https://www.facebook.com/hwdrivein/,N/A,https://abc30.com/dine-and-dish-hw-drive-in-merced-restaurant/14500921/,https://abc30.com/video/embed/?pid=14502289
2024-02-29,La Elegante Taqueria,"1423 Kern St, Fresno, CA 93706",,https://laelegantetaqueria.com/,https://www.facebook.com/LaEleganteTacos/,https://www.instagram.com/_laelegante/,https://abc30.com/dine-and-dish-la-elegante-taqueria-downtown-fresno/14480307/,https://abc30.com/video/embed/?pid=14481204
2024-02-22,Sierra Subs & Salad,"41651 Sierra Dr, Three Rivers, CA 93271",,https://www.sierrasubsandsalads.com/,N/A,https://www.instagram.com/sierrasubsandsalads/,https://abc30.com/dine-and-dish-sierra-subs-three-rivers-yelp-rating/14457336/,https://abc30.com/video/embed/?pid=14458921
2024-02-15,The Vintage Press Restaurante,"216 N Willis St, Visalia, CA 93291",,https://www.thevintagepress.com/,https://www.facebook.com/tvpvisalia,https://www.instagram.com/vintagepressvisalia/,https://abc30.com/14430744/,https://abc30.com/video/embed/?pid=14430715
2024-02-08,Lotus Kitchen,"1432 N Cedar Ave UNIT 106, Fresno, CA 93703",,https://lotuskitchen559.wixsite.com/lotuskitchen,https://www.facebook.com/lotuskitchenfresno/,https://www.instagram.com/lotuskitchen559/,https://abc30.com/dine-and-dish-lotus-kitchen-central-fresno-restaurant/14400592/,https://abc30.com/video/embed/?pid=14401827
2024-02-01,Sunset Sports Bar,"17225 Jersey Ave, Lemoore, CA 93245",,https://www.tachipalace.com/dining/,https://www.facebook.com/tachipalace/,https://www.instagram.com/tachipalace,https://abc30.com/dine-and-dish-tachi-palace-casino-resort-sunset-sports-bar/14379590/,https://abc30.com/video/embed/?pid=14379604
2024-01-25,Country Hub Cafe,"5020 19 1/2 Ave, Riverdale, CA 93656",,https://www.thecountryhubcafe.com/,N/A,N/A,https://abc30.com/dine-and-dish-county-hub-cafe-riverdale-grilled-burgers/14361065/,https://abc30.com/video/embed/?pid=14361159
2024-01-18,Sticky Icky BBQ,"628 O St, Sanger, CA 93657",,N/A,https://www.facebook.com/p/The-Sticky-Icky-Barbeque-Co-Featuring-Uncle-George-Kebab-100088502265252/,N/A,https://abc30.com/dine-and-dish-sticky-icky-barbecue-sanger-location/14337584/,https://abc30.com/video/embed/?pid=14338553
2024-01-11,Red Caboose Cafe,"5054 N Academy Ave Ste E, Clovis, CA 93619",,https://www.redcaboosecafe.com/,https://www.facebook.com/red.caboose.77/,N/A,https://abc30.com/dine-and-dish-restaurant-clovis-red-caboose-cafe/14311973/,https://abc30.com/video/embed/?pid=14313242
2024-01-04,Kerman Country Cafe,"651 S Madera Ave, Kerman, CA 93630",,N/A,https://www.facebook.com/kermancountrycafe/,N/A,https://abc30.com/kerman-country-cafe-breakfast-food-large-portions-dine-and-dish/14276490/,https://abc30.com/video/embed/?pid=14276545
2023-12-28,Colorado Grill,"46 E Herndon Ave, Fresno, CA 93720",Multiple locations,https://www.coloradogrillrestaurants.com/,https://www.facebook.com/coloradogrillburgers/,https://www.instagram.com/colorado_grill/,https://abc30.com/dine-and-dish-colorado-grill-north-fresno-burgers/14235440/,https://abc30.com/video/embed/?pid=14236809
2023-12-21,Butter + Milk Biscuit Bar,"3129 W Noble Ave, Visalia, CA 93277",,https://www.butterplusmilk.com/,https://www.facebook.com/butterplusmilk/,https://www.instagram.com/butterplusmilk/,https://abc30.com/dine-and-dish-visalia-butter-milk-biscuit-bar/14212389/,https://abc30.com/video/embed/?pid=14213470
2023-12-14,Parma Ristorante,"6729 N Palm Ave # 101, Fresno, CA 93704",,https://parmaristorantefresno.com/,https://www.facebook.com/joemastro1944/,https://www.instagram.com/parmafresno/,https://abc30.com/dine-and-dish-local-restaurant-parma-ristorante-norhtwest-fresno/14185403/,https://abc30.com/video/embed/?pid=14185519
2023-12-07,Cafe Lafayette,"151 S E St A, Exeter, CA 93221",,https://www.cafelafayette.com/,https://www.facebook.com/eatcafelafayette,https://www.instagram.com/cafelafayette151/,https://abc30.com/dine-and-dish-valley-restaurant-cafe-lafayette-exeter-location/14151809/,https://abc30.com/video/embed/?pid=14152718
2023-11-30,Tacos Jacinto,"4593 N Cedar Ave, Fresno, CA 93726",food truck,N/A,https://www.facebook.com/tacosjacinto1/,https://www.instagram.com/tacos.jacinto/,https://abc30.com/dine-and-dish-food-truck-birria-tacos-consomme/14125481/,https://abc30.com/video/embed/?pid=14125498
2023-11-16,Grandma Jane's Kitchen,"943 E St, Fresno, CA 93706",,N/A,N/A,https://www.instagram.com/grandmajaneskitchen/?hl=en,https://abc30.com/dine-and-dish-grandma-janes-ktichen-downtown-fresno-chinatown/14071367/,https://abc30.com/video/embed/?pid=14072904
2023-11-09,Ramen Hayashi,"6443 N Riverside Dr Ste 101c, Fresno, CA 93722",Multiple locations,https://ramenhayashi.com/,https://www.facebook.com/ramenhayashi/,https://www.instagram.com/ramenhayashi/,https://abc30.com/dine-and-dish-ramen-hayashi-northwest-fresno-clovis/14035457/,https://abc30.com/video/embed/?pid=14036856
2023-11-02,Elbow Room,"731 W San Jose Ave, Fresno, CA 93704",,https://elbowroomfresno.com/,https://www.facebook.com/ElbowRoomFresno,https://www.instagram.com/elbowroomfresno,https://abc30.com/dine-and-dish-elbow-room-northwest-fresno-restaurant/14004805/,https://abc30.com/video/embed/?pid=14006005
2023-10-26,Main Street Cafe,"1052 G St, Reedley, CA 93654",,https://www.mainstreetcafereedley.com/,https://www.facebook.com/MainstreetCafe1052G/,https://www.instagram.com/mainstreetcafereedley/,https://abc30.com/dine-and-dish-downtown-reedley-mainstreet-cafe-restaurant/13976804/,https://abc30.com/video/embed/?pid=13978087
2023-10-12,YAVA Bakery,"7775 N Palm Ave # 101, Fresno, CA 93711",,https://yavabakery.com/,https://www.facebook.com/yavabakery/?paipv=0&eav=AfZj8T_84Fd4ZXx9TbcZbUrgx8P_uMTHl9Bzsss1CjgMRSSo9FemOr6NZ2wVvPgMJz0&_rdr,https://www.instagram.com/yavabakery/,https://abc30.com/dine-and-dish-yava-bakery-cafe-cakes/13940694/,https://abc30.com/video/embed/?pid=13942220
2023-10-05,Chuck's BBQ,"3185 Willow Ave Clovis, CA 93612",,https://www.chucksbbqcatering.com/,https://www.facebook.com/pages/Chucks-BBQ/100477168763188,https://www.instagram.com/chucksbbqcatering/,https://abc30.com/dine-and-dish-chucks-bbq-clovis-family-tradition/13867970/,https://abc30.com/video/embed/?pid=13869259
2023-09-28,El Jabalito Food Truck,N/A,food truck,https://eljabalito.godaddysites.com/,https://www.facebook.com/profile.php?id=100094027902223,https://www.instagram.com/el.jabalito/,https://abc30.com/dine-and-dish-el-jabalito-food-truck-fresno/13839524/,https://abc30.com/video/embed/?pid=13840996
2023-09-14,MOTO Delicatessen & Bodega,"1916 N Echo Ave, Fresno, CA 93704",,https://moto-fresno-order.square.site/,https://www.facebook.com/bodegamoto/,https://www.instagram.com/moto_fresno/?hl=en,https://abc30.com/dine-and-dish-moto-delicatessen--bodeg-central-fresno-tower-district/13783135/,https://abc30.com/video/embed/?pid=13784388
2023-09-07,Table Mountain Casino,"777 Jackpot Lane, Friant, CA 93626",,https://tmcasino.com/dine/,https://www.facebook.com/tablemountaincasino,https://www.instagram.com/table.mountain.casino/,https://abc30.com/dine-and-dish-table-mountain-casino-fresno-county-eagles-landing-steakhouse/13749150/,https://abc30.com/video/embed/?pid=13750853
2023-08-31,Meltdown Bistro,N/A,food truck,https://www.meltdownbistro.com/,https://www.facebook.com/meltdownbistro,https://www.instagram.com/meltdownbistro/,https://abc30.com/dine-and-dish-meltdown-bistro-food-truck-local-business/13723377/,https://abc30.com/video/embed/?pid=13723786
2023-08-24,Blast & Brew,"799 W Palmdon Dr, Fresno, CA 93704",Multiple locations,https://blastandbrew.com/,https://www.facebook.com/BlastAndBrew/,https://www.instagram.com/blastnbrew/,https://abc30.com/dine-and-dish-blast--brew-northwest-fresno-pizza/13695370/,https://abc30.com/video/embed/?pid=13697038
2023-08-17,Tamale Mama,"1342 Tulare St, Fresno, CA 93706",,N/A,https://www.facebook.com/tamalmama/,https://www.instagram.com/tamalemama__/,https://abc30.com/dine-and-dish-tamale-mama-downtown-fresno-restaurant/13663842/,https://abc30.com/video/embed/?pid=13665188
2023-08-10,PK Deli,"219 N Court St, Visalia, CA 93291",,https://pitakabob.com/deli/,https://www.instagram.com/pitakabob/,https://www.instagram.com/pitakabob/,https://abc30.com/dine-and-dish-pk-deli-visalia-restaurant-food/13629524/,https://abc30.com/video/embed/?pid=13630814
2023-08-03,Blossom Trail Cafe,"922 N Academy Ave, Sanger, CA 93657",,N/A,https://www.facebook.com/theblossomtrailcafe/,N/A,https://abc30.com/dine-and-dish-blossom-trail-cafe-local-food-steak-sandwiches/13595766/,https://abc30.com/video/embed/?pid=13595765
2023-07-27,Havana Cafe Food Truck,N/A,food truck,N/A,https://www.facebook.com/Havanacafefood/,https://www.instagram.com/havanacafefood/?hl=en,https://abc30.com/dine-and-dish-taste-of-cuba-havana-cafe-food-truck/13558800/,https://abc30.com/video/embed/?pid=13560483
2023-07-20,Hunan Chinese Restaurant,"6716 N Cedar Ave Ste 104, Fresno, CA 93710",,https://www.hunanfresno.com/,https://www.facebook.com/hunanfresno/,N/A,https://abc30.com/dine-and-dish-hunan-chinese-restaurant-fresno-rice-dishes/13526723/,https://abc30.com/video/embed/?pid=13527834
2020-07-13,South Gate Brewing Company ,"40233 Enterprise Dr, Oakhurst, CA 93644",,https://www.southgatebrewco.com/,https://www.facebook.com/SouthGateBrewCo,https://www.instagram.com/southgatebrewco/,https://abc30.com/dine-and-dish-south-gate-brewing-company-oakhurst-pub/13500264/,https://abc30.com/video/embed/?pid=13500263
2023-07-06,Weekend Dreams,"4466 W Ashlan Ave, Fresno, CA 93722",,https://www.weekenddreamspizzawings.com/,https://www.facebook.com/weekenddreamsburgersandgrill/,https://www.instagram.com/weekenddreams/,https://abc30.com/dine-and-dish-weekend-dreams-burgers-grill-northwest-fresno/13469549/,https://abc30.com/video/embed/?pid=13471341
2023-06-29,Vintage Steakhouse at Chukchansi Gold Resort & Casino,"711 Lucky Ln, Coarsegold, CA 93614",,https://chukchansigold.com/dine/vintage-steakhouse/,https://www.facebook.com/chukchansigold,https://www.instagram.com/chukchansigold/,https://abc30.com/dine-and-dish-chukchani-gold-resort-casino-steakhouse/13441331/,https://abc30.com/video/embed/?pid=13442722
2023-06-15,Roadhouse 99,"1515 Smith Street, Kingsburg, CA 93631",,https://www.roadhousekingsburg.com/,https://www.facebook.com/roadhousekingsburg,https://www.instagram.com/roadhousekingsburg/,https://abc30.com/dine-and-dish-roadhouse-99-downtown-kingsburg-food-cocktails/13387564/,https://abc30.com/video/embed/?pid=13387968
2023-06-08,The Indian Curry House,"8445 E Dinuba Ave suit B, Selma, CA 93662",,https://www.indiancurryhouseselma.com/,N/A,N/A,https://abc30.com/dine-and-dish-indian-curry-house-selma-restaurant-butter-chicken/13359690/,https://abc30.com/video/embed/?pid=13360724
2023-05-25,The Elderwood,"210 N Court St, Visalia, CA, 93291",,https://www.elderwoodvisalia.com/,https://www.facebook.com/elderwoodvisalia/,https://www.instagram.com/elderwoodvisalia/,https://abc30.com/dine-and-dish-the-elderwood-darling-hotel-rooftop-bar/13299746/,https://abc30.com/video/embed/?pid=13300858
2023-05-18,The Salty Pickle,"276 Coalinga Plaza, Coalinga, CA 93210",,https://www.tspcoalinga.com/,https://www.facebook.com/gregory.saldana.7,https://www.instagram.com/the.salty.pickle2019/,https://abc30.com/dine-and-dish-salty-pickle-coalinga-western-fresno-county/13265916/,https://abc30.com/video/embed/?pid=13267238
2023-05-11,Taco Pinto,"2304 W Shaw Ave Ste 101, Fresno, CA 93711",,N/A,https://www.facebook.com/people/TacoPinto/100059898648216/,https://www.instagram.com/tacopinto1/?hl=en,https://abc30.com/dine-and-dish-taco-pinto-northwest-fresno-shaw-van-ness/13235181/,https://abc30.com/video/embed/?pid=13236296
2023-05-04,Cosmopolitan | Tavern & Italian Grill,"625 O St, Fresno, CA 93706",,https://cosmodowntown.com/,https://www.facebook.com/CosmoFresno/,N/A,https://abc30.com/cosmopolitan-tavern-italian-grill-dine-and-dish-downtown-fresno/13213713/,https://abc30.com/video/embed/?pid=13213712
2023-04-27,Tabachines Cocina," 6755 N Palm Ave, Fresno, CA 93704",,https://www.tabachinescocina.com/,https://www.facebook.com/TabachinesFresno/,https://www.instagram.com/tabachinesfresno/,https://abc30.com/dine-and-dish-tabachines-cocina-traditional-mexican-cuisine/13191092/,https://abc30.com/video/embed/?pid=13191763
2023-04-20,Hino Oishi,"3091 E Campus Pointe Dr, Fresno, CA 93710",,https://www.hinooishi.com/,N/A,N/A,https://abc30.com/hino-oishi-chef-george-campus-pointe-teppanyaki-style/13162495/,https://abc30.com/video/embed/?pid=13162541
2023-04-13,The Wakehouse,"850 Kings River Rd, Reedley, CA 93654",,https://www.wakehouserules.com/,https://www.facebook.com/thewakehouserules/,https://www.instagram.com/wakehouserules/?hl=en,https://abc30.com/the-wakehouse-reedley-live-music-american-food/13122737/,https://abc30.com/video/embed/?pid=13124673
2023-04-06,Genesis Bistro,"8028 N Cedar Ave, Fresno, CA 93720",,https://genesisbistroandsalon.com/,https://www.facebook.com/genesisbistrofresno,https://www.instagram.com/genesisbistro/?fbclid=IwAR2xWDBW46lOQUoxZLGuQSWqLWJfpF-fGQKWvPiJvDyTrArmrd-6T3bLCbg,https://abc30.com/dine-and-dish-genesis-bistro-salon-cocktails/13095002/,https://abc30.com/video/embed/?pid=13096685
2023-03-30,My Guy Market,"504 E. Belmont, Fresno CA 93701",Pick-up only,https://www.myguymarket.com/,https://www.facebook.com/myguymarket,https://www.instagram.com/myguymarket/?hl=en,https://abc30.com/dine-and-dish-my-guy-market-new-york-sandwiches-chopped-cheese/13051324/,https://abc30.com/video/embed/?pid=13052862
2023-03-23,Hummus Republic,"2424 Tulare St, Fresno, CA 93721",,https://www.thehummusrepublic.com/,https://www.facebook.com/hummusrepublicfresno/,https://www.instagram.com/hummusrepublicfresno/?hl=en,https://abc30.com/mediterranean-food-hummus-republic-northwest-fresno-dine-and-dish/13000496/,https://abc30.com/video/embed/?pid=13000537
2023-03-02,Harris Ranch,"24505 W Dorris Ave, Coalinga, CA 93210",,https://www.harrisranch.com/,https://www.facebook.com/HarrisRanchInnandRestaurant/,https://www.instagram.com/harrisranchca/,https://abc30.com/dine-and-dish-harris-ranch-inn-restaurant-coalinga/12904433/,https://abc30.com/video/embed/?pid=12906494
2023-02-23,The Annex Kitchen,"2257 W Shaw Ave, Fresno, CA 93711",,https://annexkitchenfresno.com/,https://www.facebook.com/annexkitchenfresno,https://www.instagram.com/annexkitchenfresno/,https://abc30.com/dine-and-dish-the-annex-kitchen-northwest-fresno-italian-dishes/12866418/,https://abc30.com/video/embed/?pid=12868810
2023-02-17,School House Restaurant,"1018 S Frankwood Ave, Sanger, CA 93657",,https://schoolhousesanger.com/,https://www.facebook.com/schoolhousesanger/,https://www.instagram.com/schoolhousesanger/,https://abc30.com/dine-and-dish-local-eats-good-food-school-house-restaurant/12827809/,https://abc30.com/video/embed/?pid=12828692
2023-02-09,Libelula,"1154 Broadway St, Fresno, CA 93721",,N/A,https://www.facebook.com/lulasatthecrest/,https://www.instagram.com/libelula_fresno/,https://abc30.com/dine-and-dish-libelula-breakfast-brunch/12762482/,https://abc30.com/video/embed/?pid=12793664
2023-02-02,Get Baked ,N/A,food truck,N/A,https://www.facebook.com/Getbaked559/,https://www.instagram.com/getbaked559/?hl=en,https://abc30.com/dine-and-dish-get-baked-559-food-truck-potatoes/12763519/,https://abc30.com/video/embed/?pid=12764188
2023-01-26,The Chicken Shack,"6611 N Riverside Dr #106, Fresno, CA 93722",Multiple locations,https://www.chickenshackca.com/,https://www.facebook.com/chickenshackfresno,https://www.instagram.com/chickenshackca/,https://abc30.com/dine-and-dish-the-chicken-shack-fried-sandwiches/12738349/,https://abc30.com/video/embed/?pid=12739790
2023-01-20,Uncle Harry's,"7656 N Blackstone Ave, Fresno, CA 93720",Multiple locations,https://uncleharrysbagels.com/order-online/,https://www.facebook.com/uncleharrysbagels,https://www.instagram.com/uncleharrysbagels/?hl=en,https://abc30.com/dine-and-dish-uncle-harrys-fresh-bagels-north-fresno/12719983/,https://abc30.com/video/embed/?pid=12719959
2023-01-12,House of Juju,"565 Pollasky Ave #101, Clovis, CA 93612",,http://houseofjuju.com/,https://www.facebook.com/profile.php?id=100047210720015,N/A,https://abc30.com/dine-and-dish-old-town-clovis-house-of-juju-food/12695540/,https://abc30.com/video/embed/?pid=12695572
2023-01-05,RAW Fresno,"2405 Capitol St #103, Fresno, CA 93721",,https://rawfresno.square.site/,https://www.facebook.com/RawfresnoRestaurant/,https://www.instagram.com/rawfresno/,https://abc30.com/raw-fresno-healthy-choices-new-years-resolution-dine-and-dish/12660980/,https://abc30.com/video/embed/?pid=12661199
2022-12-22,Mochilicious,"4832 E Butler Ave, Fresno, CA 93727",,N/A,https://www.facebook.com/mochilicious77/,https://www.instagram.com/mochilicious77/,https://abc30.com/dine-and-dish-fresno-mochilicious-donuts/12604164/,https://abc30.com/video/embed/?pid=12604158
2022-12-16,Golden Tamale ,"744 P St Suite 103, Fresno, CA 93721",,https://goldentamale.com/,N/A,https://www.instagram.com/theegoldentamale/,https://abc30.com/christmas-golden-tamale-downtown-fresno-food/12577583/,https://abc30.com/video/embed/?pid=12578752
2022-12-01,A C Deli,"1440 E Shaw Ave, Fresno, CA 93710",,https://www.acdeli.biz/,https://www.facebook.com/ACDeli559/,https://www.instagram.com/acmartdeli/,https://abc30.com/fresno-food-sticky-rice-chicken/12516073/,https://abc30.com/video/embed/?pid=12516746
2022-11-17,The Meat Up,"7010 N Marks Ave, Fresno, CA 93711",,https://www.themeatup.com/,https://www.facebook.com/themeatupfresno,https://www.instagram.com/themeatupfresno/,https://abc30.com/dine-and-dish-northwest-fresno-the-meat-up-butcher-shop/12466675/,https://abc30.com/video/embed/?pid=12466703
2022-11-10,FIVE Restaurant,"1110 E Champlain Dr, Fresno, CA 93720",,https://www.5restaurant.com/,https://www.facebook.com/FiveRestaurantFresno/,https://www.instagram.com/5fresno/,https://abc30.com/dine-and-dish-northeast-fresno-five-restaurant-italian-food/12439605/,https://abc30.com/video/embed/?pid=12440195
2022-11-03,Señor Aji Peruvian Kitchen,"6701 N Milburn Ave #130, Fresno, CA 93722",,https://www.senoraji.com/,https://www.facebook.com/senorajifresno/,https://www.instagram.com/senorajifresno/?hl=en,https://abc30.com/dine-and-dish-senjor-aji-peruvian-food-northwest-fresno/12414118/,https://abc30.com/video/embed/?pid=12414869
2022-10-27,Vejar's,"1293 S K St, Tulare, CA 93274",,https://www.vejarsonk.com/,https://www.facebook.com/VejarsTulare/,https://www.instagram.com/vejarsonk/,https://abc30.com/dine-and-dish-vejars-tulare-mexican-food/12387696/,https://abc30.com/video/embed/?pid=12387934
2022-10-20,Rocket Dog,"88 E Shaw Ave, Fresno, CA 93710",,http://www.rocketdogbratsandbrew.com/,https://www.facebook.com/RocketDogFresno/,https://www.instagram.com/rocket_dog_fresno/,https://abc30.com/dine-and-dish-hot-dogs-rocket-dog-northeast-fresno/12352599/,https://abc30.com/video/embed/?pid=12353188
2022-10-13,99 Craft Pizza," 585 W Nees Ave, Fresno, CA 93711",,https://www.99craftpizza.com/,https://www.facebook.com/99craftpizza,https://www.instagram.com/99craftpizza/,https://abc30.com/dine-and-dish-99-craft-pizza-detroit-style-northwest-fresno/12325798/,https://abc30.com/video/embed/?pid=12325979
2022-10-06,MEGA Texas Barbeque,"2429 E McKinley Ave, Fresno, CA 93703",,https://megatexasbbq.square.site/?fbclid=IwAR3LC8kBRRE32bk_9XCtIweJNfSl03Dyp-Ps2gOmZRsXrG7kDKtnG4PN2P8,https://www.facebook.com/megatexasbbq/,https://www.instagram.com/mega_texas/,https://abc30.com/dine-and-dish-mega-texas-barbeque-bbq-central-fresno-arco-gas-station/12301087/,https://abc30.com/video/embed/?pid=12301536
2022-09-29,Country Fare Cafe,"4662 E Belmont Ave, Fresno, CA 93702",,N/A,https://www.facebook.com/countryfarecafe/,N/A,https://abc30.com/dine-and-dish-country-fare-care-southeast-fresno-mexican-food/12280224/,https://abc30.com/video/embed/?pid=12280591
2022-09-22,Bread and Butter,"4573 N Fresno St Ste 102, Fresno, CA 93726",,https://www.doughfordough.com/,https://www.facebook.com/breadandbutterclovis/,https://www.instagram.com/breadandbutterclovis/,https://abc30.com/dine-and-dish-bakery-filipino-bread-butter/12252211/,https://abc30.com/video/embed/?pid=12252690
2022-09-08,Mochuelo,"2305 W Shaw Ave, Fresno, CA 93711",,https://mochuelotapas.com/,https://www.facebook.com/mochuelofresno,https://www.instagram.com/mochuelofresno/,https://abc30.com/mochuelo-piccadilly-inn-dine-and-dish-fresno-spanish-tapas/12214806/,https://abc30.com/video/embed/?pid=12214815
2022-09-01,El Premio Mayor,"3141 N Maroa Ave, Fresno, CA 93704",Multiple locations,N/A,https://www.facebook.com/TaqueriaElPremioMayor/?locale=es_LA,https://www.instagram.com/elpremiomayor/?hl=en,https://abc30.com/dine-and-dish-birria-taco-fresno-el-premio-mayor-slow-cooked-meat/12187167/,https://abc30.com/video/embed/?pid=12187849
2022-08-25,Kurotaka Ramen,"5730 N First St #114, Fresno, CA 93710",,https://www.kurotakaramen.com/,https://www.facebook.com/kurotakaramen,https://www.instagram.com/kurotakaramen/,https://abc30.com/kurotaka-ramen-dine-and-dish-fresno-first-bullard/12166525/,https://abc30.com/video/embed/?pid=12166585
2022-08-18,Boba Pub,"1766 E Barstow Ave, Fresno, CA 93710",,https://www.thebobapub.com/,N/A,https://www.instagram.com/bobapubfresno/,https://abc30.com/dine-and-dish-boba-fresno-pub/12140186/,https://abc30.com/video/embed/?pid=12140382
2022-08-11,The Curry Pizza Company," 3173 W Shaw Ave #103, Fresno, CA 93711",,https://www.thecurrypizzacompany.com/,https://www.facebook.com/cpizzac/,https://www.instagram.com/thecurrypizzacompany/,https://abc30.com/curry-pizza-company-fresno-indian-dine-and-dish/12118838/,https://abc30.com/video/embed/?pid=12118907
2022-08-04,Cali's Snack Shack,"255 J St, Parlier, CA 93648",,N/A,https://www.facebook.com/calissnackshack/,https://www.instagram.com/calissnackshack/?hl=en,https://abc30.com/calis-snack-shack-parlier-dine-and-dish-pineapple-explosion-strawberry-dream/12099741/,https://abc30.com/video/embed/?pid=12099895
2022-07-28,Jimy Wen's Chinese Restaurant,"7065 N Cedar Ave, Fresno, CA 93720",,https://www.jimywens.com/,https://www.facebook.com/JimyWens,N/A,https://abc30.com/fresno-jimy-wen-dine-and-dish-chinese-restaurant-food/12080266/,https://abc30.com/video/embed/?pid=12080552
2022-07-14,Chef Paul's Cafe," 952 F St, Fresno, CA 93706",,N/A,https://www.facebook.com/ChefPaulsCafe/,https://www.instagram.com/chefpaulscafe_/?hl=en,https://abc30.com/chef-pauls-cafe-dine-and-dish-fresno-soul-food-restaurant-chinatown/12052885/,https://abc30.com/video/embed/?pid=12052918
2022-07-07,Sam's Deli,"2415 N First St, Fresno, CA 93703",,https://samsitaliandeli.com/,https://www.facebook.com/SamsItalianDeli/,N/A,https://abc30.com/dine-and-dish-sams-deli-fresno/12030212/,https://abc30.com/video/embed/?pid=12030253
2022-06-30,Sushi Kuu,"509 E Main St, Visalia, CA 93292",,http://www.visaliasushikuu.com/,https://www.facebook.com/visaliasushikuu,N/A,https://abc30.com/sushi-kuu-visalia-dine-and-dish/12007019/,https://abc30.com/video/embed/?pid=12007570
2022-06-24,Ohana Shack,"5730 N First St, Fresno, CA 93710",,https://www.808ohanashack.com/,https://www.facebook.com/808PokeShack/,https://www.instagram.com/808ohanashack/,https://abc30.com/dine-and-dish-ohana-shack-hawaiian-restaurant-fresno/11991863/,https://abc30.com/video/embed/?pid=11992032
2022-06-17,Las Mañanitas,"1329 S Hazelwood Blvd, Fresno, CA 93702",,N/A,https://www.facebook.com/profile.php?id=100049264792517,N/A,https://abc30.com/las-mananitas-fresno-dine-and-dish/11966434/,https://abc30.com/video/embed/?pid=11971502
2022-05-19,Heirloom,"8398 N. Fresno Suite 101, Fresno, California 93720",,https://www.heirloom-eats.com/,https://www.facebook.com/heirloom.eats.fresno/,https://www.instagram.com/heirloom.eats/,https://abc30.com/dine-and-dish-heirloom/11870135/,https://abc30.com/video/embed/?pid=11871011
2022-05-12,Ducey's Bar and Grill,"39255 Marina Dr, Bass Lake, CA 93604",,https://www.basslake.com/dining/duceys-bar-grill,https://www.facebook.com/pinesresort,https://www.instagram.com/pinesresort/,https://abc30.com/dine-and-dish-duceys-bar-bass-lake/11842358/,https://abc30.com/video/embed/?pid=11842842
2022-05-06,Eddie's Bakery Cafe,"7089 N Cedar Ave, Fresno, CA 93720",,https://eddiesbakerycafe.com/,N/A,https://www.instagram.com/eddiesbakerycafe/,https://abc30.com/eddies-bakery-fresno-dine-and-dish/11821536/,https://abc30.com/video/embed/?pid=11821957
2022-04-28,Mike's Grill,"1734 N 10th Ave, Hanford, CA 93230",,N/A,https://www.facebook.com/profile.php?id=100057206449687,N/A,https://abc30.com/dine-and-dish-mikes-grill/11801671/,https://abc30.com/video/embed/?pid=11802571
2022-04-22,The Craft House,"760 Pollasky Ave, Clovis, CA 93612",,https://www.crafthouseclovis.com/,https://www.facebook.com/crafthouseclovis/,https://www.instagram.com/crafthouseotc/,https://abc30.com/craft-house-clovis-dine-and-dish/11777824/,https://abc30.com/video/embed/?pid=11778276
2022-04-14,Benaddiction,"10063 N Maple Ave Fresno, CA 93730",,https://www.benaddictiondiner.com/,https://www.facebook.com/BenaddictionDiner/,https://www.instagram.com/benaddictiondiner/,https://abc30.com/benaddiction-breakfast-fresno-restaurant-new-food/11749518/,https://abc30.com/video/embed/?pid=11749989
2022-04-08,Don Pepe Taqueria,"4582 N Blackstone Ave, Fresno, CA 93726",Multiple locations,http://www.taqueriadonpepe.com/,https://www.facebook.com/DonPepeTaqueria/,N/A,https://abc30.com/don-pepe-dine-and-dish/11722642/,https://abc30.com/video/embed/?pid=11723446
2022-03-31,Bollywood Indian Street Food,"7059 N Cedar Ave, Fresno, CA 93720",,N/A,https://www.facebook.com/bollywoodfresno/,https://www.instagram.com/bollywoodfresno/,https://abc30.com/bollywood-indian-food-dine-and-dish/11697800/,https://abc30.com/video/embed/?pid=11698445
2022-03-24,Pismo's Coastal Grill,"7937 N Blackstone Ave, Fresno, CA 93711",,https://www.pismos.com/,https://www.facebook.com/pismoscoastalgrill/,https://www.instagram.com/pismosfresno/?hl=en,https://abc30.com/pismos-fresno-dine-and-dish/11678495/,https://abc30.com/video/embed/?pid=11678898
2022-03-17,Kady's Kitchen,"1701 Simpson St, Kingsburg, CA 93631",,https://countrykitchenrestaurants.com/?fbclid=IwAR2aCDBjIQmZpeG8YrsTfF_6iO4zIelvUtBW3X71ZdrRiRr-X_ZWhNssSgc,https://www.facebook.com/Kadys-Country-Kitchen-111933442171416/,,https://abc30.com/kady-kitchen-kingsburg/11659749/,https://abc30.com/video/embed/?pid=11660316
2022-03-10,Planet Vegan,N/A,food truck,N/A,https://www.facebook.com/planetveganburgers/,https://www.instagram.com/planetveganburgers/?hl=en,https://abc30.com/planet-vegan-fresno-food-truck-dine-and-dish/11640405/,https://abc30.com/video/embed/?pid=11640889
2022-03-03,Wool Growers Restaurant,"609 H St, Los Banos, CA 93635",,https://www.woolgrowerslosbanos.com/?fbclid=IwAR0eF7l42-NaNrK1py361oItrZ3wJRVuGuOlBvfcYnjjaPHWkYrbAn-VDg0,https://www.facebook.com/woolgrowerslosbanos/,N/A,https://abc30.com/wool-growers-los-banos-dine-and-dish/11618119/,https://abc30.com/video/embed/?pid=11618569
2022-02-24,Triangle Burger,"1310 W. Belmont Ave Fresno, Ca, 93728",Multiple locations,https://triangledrivein.com/,https://www.facebook.com/Triangle-Drive-In-111451345562058,N/A,https://abc30.com/dine-and-dish-triangle-burger/11597123/,https://abc30.com/video/embed/?pid=11597591
2022-02-17,Orange Works Cafe,"22314 Ave 196, Strathmore, CA 93267",,https://theorangeworkscafe.com/,https://www.facebook.com/theorangeworkscafe/,N/A,https://abc30.com/orange-works-cafe-ice-cream/11575473/,https://abc30.com/video/embed/?pid=11575660
2022-02-03,Sal's,"2163 Park St, Selma, CA 93662",,https://salsmexicanrestaurants.com/home-page/,https://www.facebook.com/salsselma/,https://www.instagram.com/salsmexicanrestaurant_selma/,https://abc30.com/sals-selma-dine-and-dish/11536282/,https://abc30.com/video/embed/?pid=11536662
2022-01-20,Oggi Cosi Si Mangia,"1110 N Van Ness Ave, Fresno, CA 93728",,http://www.oggifresno.com/,https://www.facebook.com/profile.php?id=100059128699603,N/A,https://abc30.com/oggi-cosi-si-mangia-fresno-italian/11492692/,https://abc30.com/video/embed/?pid=11493323
2022-01-13,Phoenician Garden Grill,"1025 E Herndon Ave #106, Fresno, CA 93720",,https://thephoeniciangarden.com/,https://www.facebook.com/PhoencianGarden/,https://www.instagram.com/phoeniciangarden/,https://abc30.com/phoenician-garden-grill-fresno-dine-and-dish/11465129/,https://abc30.com/video/embed/?pid=11465744
2022-01-06,Raw Earth Juicery,"741 N Temperance Ave #102, Clovis, CA 93611",,http://www.rawearthjuicery.com/,N/A,N/A,https://abc30.com/raw-earth-juicery-dine-n-dish-juice-shops-juices/11435142/,https://abc30.com/video/embed/?pid=11435270
2021-12-23,Vallarta,"3850 N Cedar Ave, Fresno, CA 93726",Multiple locations,https://vallartasupermarkets.com/en/,N/A,N/A,https://abc30.com/tamales-tamale-meals-holidays/11377909/,https://abc30.com/video/embed/?pid=11378543
2020-03-19, Taylor Bros Hot Dog Stand,"206 N Encina St, Visalia, CA 93291",,N/A,https://www.facebook.com/Taylordogs1952/,N/A,https://abc30.com/taylor-bros-hot-dog-stand-visalia-chili-fresno-best-dine-n-dish/6029901/,https://abc30.com/video/embed/?pid=6030308
2020-03-13,The Fresno Breakfast House,"2085 W Bullard Ave, Fresno, CA 93711",,https://www.fresnobreakfasthouse.com/,https://www.facebook.com/FresnoBreakfastHouse/,https://www.instagram.com/fresnobreakfasthouse/,https://abc30.com/abc30-dine-and-dish-fresno-breakfas-house-breakfast-restaurants/6009912/,https://abc30.com/video/embed/?pid=6009944
2020-03-05,Adrian's,"3060 E Belmont Ave, Fresno, CA 93701",,N/A,N/A,N/A,https://abc30.com/dine-n-dish-adrians-best-burritos-freso-mexican-restaurant-fresno/5989146/,https://abc30.com/video/embed/?pid=5989213
2020-02-27,J-Pot ,"235 E Paseo Del Centro, Fresno, CA 93720",,https://jpotcali.com/,https://www.facebook.com/jpotCA/,https://www.instagram.com/jpotfresno/,https://abc30.com/dine-n-dish-fresno-hot-pot-soup-j/5972668/,https://abc30.com/video/embed/?pid=5972672
2020-02-20,Grill Masters BBQ,"2700 Clovis Ave, Clovis, CA 93612",,https://www.grillmastersbbqclovis.com/,https://www.facebook.com/GrillMastersclovis/,https://www.instagram.com/grillmastersbbq/,https://abc30.com/matty-ultimeat-burger-grill-masters-bbq-clovis-barbeque/5953722/,https://abc30.com/video/embed/?pid=5953731
2020-02-13,Angry Chickz,"5044 N West Ave, Fresno, CA 93711",,https://www.angrychickz.com/,https://www.facebook.com/theangrychickz/,https://www.instagram.com/theangrychickz/,https://abc30.com/angry-chickz-fresno-spicy-chicken-restaurant-hot/5929476/,https://abc30.com/video/embed/?pid=5929438